dates,population,labor force,participation rate,employed,unemployed,unemployment rate,nonfarm payrolls,job openings,job layoffs,prime age unemployment,prime age employment,prime age participation rate,youth unemployment,youth employment,youth participation rate,mining payrolls,construction payrolls,manufacturing payrolls,trade & utilities payrolls,information payrolls,financial services payrolls,professional services payrolls,education & healthcare payrolls,leisure & hospitality payrolls,other services payrolls,government payrolls,mining openings,construction openings,manufacturing openings,trade & utilities openings,information openings,financial services openings,professional services openings,education & healthcare openings,leisure & hospitality openings,other services openings,government openings,mining unemployed,construction unemployed,manufacturing unemployed,trade & utilities unemployed,information unemployed,financial services unemployed,professional services unemployed,education & healthcare unemployed,leisure & hospitality unemployed,other services unemployed,government unemployed
30/04/2001,214525,143569,66.92413472,137299,6270,4.367238053,132457,3.4,1.4,3450,98293,91,1183,13419,82,609,6844,16802,26007,3686,7889,16698,15672,12040,5219,20992,18,226,354,848,171,223,834,708,582,162,490,24,596,855,1052,148,232,655,341,744,220,369
31/05/2001,214732,143318,66.74273047,137092,6226,4.344185657,132409,3.2,1.5,3559,98251,91,1164,13257,81,609,6849,16660,25992,3663,7898,16654,15747,12068,5239,21029,15,224,327,721,108,265,750,812,527,192,486,34,478,903,1053,164,191,652,390,731,172,361
30/06/2001,214950,143357,66.69318446,136873,6484,4.522974114,132299,3.2,1.5,3642,97977,91,1186,13202,81,610,6840,16513,25958,3642,7905,16588,15784,12076,5247,21137,10,174,324,714,114,266,768,765,447,248,531,26,443,956,1197,163,249,694,476,821,246,525
31/07/2001,215180,143654,66.75992193,137071,6583,4.5825386,132171,3.3,1.5,3723,97917,91,1142,13329,81,610,6845,16381,25886,3619,7892,16535,15840,12110,5269,21185,12,178,308,677,115,257,756,804,588,242,509,17,447,1054,1069,206,289,731,513,813,228,548
31/08/2001,215420,143284,66.51378702,136241,7043,4.915412747,132021,3,1.5,3976,97679,91,1292,13208,81,608,6827,16233,25875,3598,7916,16473,15900,12093,5280,21218,13,127,266,580,117,248,594,847,544,201,487,18,522,1023,1154,210,256,790,595,767,241,540
30/09/2001,215665,143989,66.76512183,136846,7143,4.960795616,131763,3,1.6,4047,97631,91,1238,13482,82,606,6813,16116,25790,3581,7916,16387,15958,12061,5293,21242,11,167,338,606,67,261,644,772,540,233,434,23,489,996,1150,219,268,810,455,900,225,438
31/10/2001,215903,144086,66.73645109,136392,7694,5.339866469,131452,2.7,1.8,4439,97347,91,1334,13259,81,602,6804,15973,25718,3557,7925,16285,15999,12015,5299,21275,11,141,265,647,73,212,576,758,375,192,458,32,535,1065,1262,233,281,910,486,903,239,429
30/11/2001,216117,144240,66.74162606,136238,8002,5.547698281,131144,2.8,1.7,4683,97002,91,1362,13318,81,600,6784,15825,25632,3536,7940,16158,16044,11985,5314,21326,7,164,230,630,91,212,604,733,452,166,486,20,670,1108,1348,241,320,946,516,935,256,420
31/12/2001,216315,144305,66.7105841,136047,8258,5.722601434,130983,2.7,1.5,4745,97140,91,1421,13286,81,597,6785,15712,25548,3521,7934,16132,16098,11967,5334,21355,17,124,231,612,101,204,585,746,434,174,449,27,785,1172,1384,275,258,921,483,938,277,419
31/01/2002,216506,143883,66.45681875,135701,8182,5.686564778,130859,2.7,1.5,4810,96970,91,1417,13110,81,600,6775,15588,25486,3495,7939,16096,16153,12006,5344,21377,15,129,262,616,92,306,592,756,356,165,410,33,1211,1377,1580,263,267,1120,586,947,304,486
28/02/2002,216663,144653,66.76405293,136438,8215,5.679107934,130736,2.6,1.5,4773,97208,91,1432,13344,81,596,6766,15518,25480,3471,7932,16066,16201,11962,5355,21390,17,110,261,545,99,163,418,766,414,148,498,35,1060,1296,1595,279,318,973,590,973,339,508
31/03/2002,216823,144481,66.63545842,136177,8304,5.747468525,130722,2.7,1.4,4785,97051,91,1517,13251,81,589,6755,15443,25470,3454,7929,16082,16242,11965,5362,21431,4,139,243,623,94,224,548,718,410,161,448,28,1009,1367,1582,266,287,964,540,976,314,477
30/04/2002,217006,144725,66.69170438,136126,8599,5.941613405,130615,2.6,1.5,5008,96903,91,1469,13252,81,587,6710,15392,25457,3435,7936,16082,16280,11928,5366,21443,8,120,245,562,97,229,541,702,376,143,446,33,855,1322,1502,257,292,951,493,953,268,447
31/05/2002,217198,144938,66.73081704,136539,8399,5.794891609,130632,2.6,1.5,5069,96878,91,1340,13480,82,584,6684,15338,25441,3417,7933,16092,16325,11936,5368,21514,6,136,239,527,110,208,567,654,399,158,452,25,626,1194,1395,260,340,983,533,1022,264,484
30/06/2002,217407,144808,66.60687098,136415,8393,5.7959505,130673,2.5,1.5,4928,96709,91,1362,13348,81,579,6701,15297,25442,3401,7939,16082,16414,11905,5365,21549,8,140,250,569,69,245,514,760,342,110,405,35,593,1187,1514,255,373,1079,638,1034,335,561
31/07/2002,217630,144803,66.53632312,136413,8390,5.794078852,130583,2.5,1.6,4912,96541,91,1429,13354,81,577,6688,15256,25450,3381,7943,16009,16464,11912,5360,21544,7,102,256,567,95,180,543,689,376,112,440,19,594,1185,1402,264,345,1075,671,999,356,645
31/08/2002,217866,145009,66.5588022,136705,8304,5.726541111,130582,2.6,1.5,4789,96933,91,1413,13485,81,576,6701,15171,25397,3370,7949,16038,16485,11936,5369,21589,8,114,231,575,81,200,617,710,395,140,444,32,654,1108,1391,270,343,926,660,884,353,596
30/09/2002,218107,145552,66.73421761,137302,8250,5.668077388,130503,2.5,1.5,4769,97004,91,1390,13443,81,575,6702,15119,25349,3344,7964,16016,16513,11991,5383,21546,6,142,240,507,67,170,572,712,351,142,390,42,615,1076,1406,231,299,1007,562,885,281,530
31/10/2002,218340,145314,66.55399835,137008,8306,5.715897986,130617,2.6,1.5,4883,96795,91,1483,13295,80,575,6689,15059,25362,3349,7991,16033,16539,12070,5391,21559,9,126,211,565,73,276,645,657,382,152,384,36,680,1046,1474,211,312,962,517,956,272,499
30/11/2002,218548,145041,66.36574116,136521,8520,5.874201088,130616,2.6,1.5,5018,96300,91,1431,13422,80,577,6713,14992,25330,3328,8003,15991,16585,12109,5407,21581,7,110,228,504,90,228,590,762,406,162,427,32,758,1115,1475,220,337,1029,493,978,284,468
31/12/2002,218741,145066,66.31861425,136426,8640,5.955909724,130465,2.4,1.5,5022,96562,91,1454,13413,81,577,6700,14911,25342,3288,8017,15927,16605,12112,5398,21588,4,111,230,470,61,219,559,635,377,132,372,45,941,1188,1393,255,322,1038,558,922,241,446
31/01/2003,219897,145937,66.36607139,137417,8520,5.838135634,130573,2.6,1.6,4922,96993,90,1408,13508,81,575,6704,14867,25296,3264,8025,15993,16650,12173,5400,21626,5,107,201,555,80,210,684,640,392,133,435,54,1196,1302,1673,243,327,1112,559,1049,304,571
28/02/2003,220114,146100,66.37469675,137482,8618,5.898699521,130441,2.4,1.5,5102,97020,91,1425,13510,81,575,6667,14780,25272,3235,8037,16021,16695,12130,5405,21624,6,92,191,538,71,194,623,594,362,172,386,41,1173,1229,1554,321,310,1140,576,1145,331,483
31/03/2003,220317,146022,66.2781356,137434,8588,5.881305557,130235,2.3,1.5,5092,97162,90,1357,13478,80,570,6654,14721,25228,3221,8051,15951,16722,12109,5398,21610,4,90,209,509,81,203,575,582,352,129,365,46,987,1222,1498,267,357,1190,518,1035,370,526
30/04/2003,220540,146474,66.41606965,137633,8841,6.035883502,130172,2.3,1.5,5097,97345,91,1526,13418,81,566,6689,14608,25213,3208,8077,15954,16781,12085,5397,21595,5,138,187,513,55,206,523,611,371,159,340,41,772,1199,1475,268,323,1076,611,986,331,440
31/05/2003,220768,146500,66.35925496,137544,8956,6.11331058,130196,2.5,1.6,5199,97150,91,1565,13410,81,570,6706,14558,25192,3194,8094,16004,16822,12092,5398,21567,10,104,196,536,57,210,640,651,430,123,333,40,715,1150,1507,251,320,1105,618,955,339,478
30/06/2003,221014,147056,66.53696146,137790,9266,6.301000979,130185,2.5,1.6,5334,97267,91,1564,13480,80,572,6723,14493,25154,3182,8090,16018,16830,12121,5397,21606,8,112,197,566,71,210,660,603,424,136,401,36,710,1232,1734,239,358,1092,769,1048,359,704
31/07/2003,221252,146485,66.20731112,137474,9011,6.151483087,130184,2.2,1.6,5218,97118,91,1576,13360,80,571,6735,14403,25126,3176,8101,16057,16840,12143,5399,21633,10,136,186,485,61,238,538,540,338,104,345,43,677,1193,1676,224,284,1021,697,1020,405,749
31/08/2003,221507,146445,66.1130348,137549,8896,6.074635529,130153,2.4,1.7,5258,97145,91,1539,13390,79,570,6760,14376,25147,3163,8102,16052,16851,12177,5399,21556,6,112,220,565,64,233,609,562,389,117,314,20,650,1186,1416,224,342,881,760,1050,373,745
30/09/2003,221779,146530,66.07027717,137609,8921,6.08817307,130253,2.3,1.5,5223,97057,91,1569,13408,80,570,6783,14346,25185,3162,8099,16107,16885,12208,5403,21504,8,79,194,533,95,213,583,551,396,105,335,25,681,1175,1484,248,305,975,649,978,338,556
31/10/2003,222039,146716,66.07668022,137984,8732,5.95163445,130440,2.5,1.5,5237,97123,91,1463,13430,79,574,6784,14334,25209,3155,8089,16130,16945,12259,5402,21558,7,105,223,515,92,220,585,612,458,107,382,31,651,1041,1449,182,303,1014,639,933,378,500
30/11/2003,222279,147000,66.13310299,138424,8576,5.834013605,130481,2.5,1.5,5040,97316,91,1535,13365,80,576,6796,14316,25192,3150,8082,16169,16976,12284,5404,21535,6,118,242,554,63,241,627,582,438,140,313,34,690,1034,1431,257,311,948,662,990,357,542
31/12/2003,222509,146729,65.94295062,138411,8318,5.668954331,130589,2.5,1.5,4929,97438,91,1412,13441,79,575,6827,14299,25183,3150,8076,16195,17015,12320,5403,21546,9,135,243,628,84,199,634,565,446,144,326,32,813,1025,1348,224,283,948,620,885,278,516
31/01/2004,222161,146842,66.09710975,138472,8370,5.700004086,130756,2.6,1.6,4837,97097,91,1465,13668,80,575,6848,14291,25272,3141,8078,16223,17039,12346,5405,21538,9,170,238,546,76,275,556,613,454,159,329,31,994,1110,1632,236,403,1070,662,1097,322,511
29/02/2004,222357,146709,65.97903372,138542,8167,5.566802309,130820,2.6,1.5,4762,97076,90,1429,13652,79,576,6838,14279,25280,3141,8079,16238,17063,12372,5405,21550,6,125,231,590,89,269,620,611,467,173,351,24,1039,1094,1660,194,363,964,608,987,366,490
31/03/2004,222550,146944,66.02740957,138453,8491,5.778391768,131139,2.6,1.6,4961,97018,90,1479,13631,80,584,6887,14287,25352,3134,8086,16264,17115,12425,5418,21588,9,149,249,629,79,220,570,634,443,176,366,22,1011,1083,1670,216,343,999,584,1039,366,530
30/04/2004,222757,146850,65.92385424,138680,8170,5.56350017,131412,2.6,1.5,4691,97240,90,1418,13796,80,586,6901,14315,25386,3130,8097,16376,17153,12435,5419,21614,10,146,269,600,85,256,624,625,410,131,353,34,849,1004,1487,168,312,752,589,925,347,433
31/05/2004,222967,147065,65.95819112,138852,8213,5.584605447,131697,2.7,1.5,4651,97423,91,1471,13641,79,591,6948,14342,25415,3135,8115,16449,17188,12481,5419,21614,9,150,288,650,101,250,676,625,429,165,367,22,665,966,1413,190,302,819,570,977,310,468
30/06/2004,223196,147460,66.06749225,139174,8286,5.619150956,131794,2.5,1.4,4683,97586,91,1467,13682,80,591,6962,14334,25456,3136,8116,16481,17202,12495,5420,21601,10,116,265,620,88,222,584,538,466,94,335,27,668,957,1409,172,335,814,769,1189,326,580
31/07/2004,223422,147692,66.10450179,139556,8136,5.508761477,131853,2.8,1.4,4650,97742,91,1417,13746,80,594,6977,14331,25456,3124,8100,16520,17237,12495,5414,21606,9,124,283,702,98,286,686,611,516,168,332,28,610,1019,1394,174,307,790,725,965,346,741
31/08/2004,223677,147564,65.97191486,139573,7991,5.415277439,131940,2.6,1.5,4552,97617,91,1365,13776,80,595,7003,14345,25468,3108,8106,16519,17274,12485,5410,21626,8,148,267,602,85,266,642,601,465,130,326,10,563,840,1315,191,312,845,647,1010,341,676
30/09/2004,223941,147415,65.82760638,139487,7928,5.378014449,132091,2.8,1.5,4497,97645,90,1418,13617,79,597,7029,14332,25518,3096,8118,16542,17267,12550,5405,21635,9,112,260,758,89,312,679,603,524,130,346,8,629,852,1335,178,374,750,593,854,301,568
31/10/2004,224192,147793,65.92251285,139732,8061,5.454250201,132431,2.9,1.4,4424,97649,90,1477,13823,80,595,7077,14332,25556,3099,8113,16661,17361,12582,5397,21656,9,148,279,665,98,275,777,671,486,150,386,15,635,884,1357,185,358,781,526,853,300,561
30/11/2004,224422,148162,66.01937421,140231,7931,5.352924502,132504,2.6,1.5,4469,97855,90,1388,13789,79,599,7091,14306,25575,3088,8116,16643,17387,12606,5400,21692,11,146,242,532,63,246,673,626,428,148,358,20,695,905,1262,187,290,872,570,916,294,514
31/12/2004,224640,148059,65.90945513,140125,7934,5.358674582,132629,3,1.5,4518,97679,90,1340,13847,79,602,7117,14285,25598,3077,8134,16659,17435,12630,5400,21693,11,175,269,684,99,278,881,656,471,150,400,16,870,872,1262,173,290,875,562,850,276,499
31/01/2005,224837,148029,65.8383629,140245,7784,5.258429092,132781,2.8,1.5,4361,97975,90,1438,13726,79,607,7095,14257,25625,3071,8143,16714,17471,12665,5398,21735,11,144,283,643,89,284,732,610,541,153,314,29,1079,889,1578,168,252,958,613,993,290,555
28/02/2005,225041,148364,65.92754209,140385,7979,5.37798927,133033,2.9,1.6,4441,98099,91,1515,13571,79,610,7153,14272,25691,3057,8147,16798,17479,12690,5393,21744,10,166,280,764,75,269,750,632,525,126,368,25,1150,889,1546,204,301,916,619,1008,325,472
31/03/2005,225236,148391,65.88245218,140654,7737,5.213928068,133152,2.9,1.6,4267,98070,91,1385,13683,79,616,7181,14268,25710,3062,8141,16826,17506,12718,5386,21740,13,167,286,747,89,243,736,689,558,164,352,32,961,879,1440,177,261,807,614,967,308,468
30/04/2005,225441,148926,66.05985602,141254,7672,5.151551777,133519,3,1.5,4191,98365,91,1341,13684,78,620,7266,14249,25786,3066,8151,16888,17546,12802,5392,21754,10,134,289,781,103,299,714,666,625,183,353,19,693,793,1388,178,255,714,591,882,306,478
31/05/2005,225670,149261,66.14126822,141609,7652,5.126590335,133689,2.8,1.5,4243,98555,91,1328,13748,79,621,7294,14255,25824,3062,8154,16910,17607,12797,5384,21781,13,120,268,710,75,226,663,697,535,140,349,16,567,743,1368,145,288,730,648,944,314,453
30/06/2005,225911,149238,66.06052826,141714,7524,5.041611386,133947,2.9,1.5,4232,98318,90,1313,13839,80,624,7333,14227,25869,3057,8173,16999,17669,12837,5397,21763,12,134,256,740,106,280,764,695,577,141,357,25,559,743,1444,160,307,743,667,950,291,681
31/07/2005,226153,149432,66.07562137,142026,7406,4.956100434,134300,3.1,1.4,4234,98597,91,1236,13880,79,626,7353,14225,25933,3061,8191,17065,17719,12867,5403,21857,13,151,290,757,97,315,837,699,536,170,392,22,509,883,1416,142,309,804,635,929,274,683
31/08/2005,226421,149779,66.15066624,142434,7345,4.903891734,134503,3,1.4,4082,98958,91,1316,13764,79,630,7394,14200,25965,3063,8214,17124,17759,12891,5399,21863,13,156,294,758,110,299,777,693,514,144,384,12,561,767,1317,156,300,728,644,844,306,664
30/09/2005,226693,149954,66.14849157,142401,7553,5.036877976,134554,3.1,1.5,4304,98812,91,1308,13827,79,635,7415,14173,25945,3070,8222,17195,17793,12862,5397,21845,20,153,330,784,124,315,818,719,485,204,399,12,572,775,1249,168,260,862,658,842,307,568
31/10/2005,226959,150001,66.09167295,142548,7453,4.968633542,134643,3,1.4,4206,98736,90,1268,13991,79,641,7460,14189,25957,3055,8257,17216,17811,12840,5386,21829,13,182,270,768,105,346,705,689,505,235,365,2,519,800,1301,162,255,748,628,796,319,502
30/11/2005,227204,150065,66.04857309,142499,7566,5.041815213,134999,3.1,1.3,4278,98712,90,1269,13937,79,647,7524,14184,26013,3055,8279,17297,17861,12884,5394,21859,16,177,354,784,115,315,783,679,529,130,368,18,564,823,1212,172,268,711,677,966,300,494
31/12/2005,227425,150030,65.96900077,142752,7278,4.851029794,135158,3.1,1.4,4161,98913,90,1265,13830,79,651,7533,14189,26033,3052,8285,17330,17893,12905,5409,21879,13,158,324,703,108,406,750,691,587,106,435,23,813,757,1170,128,204,788,529,930,269,393
31/01/2006,227553,150214,66.01275307,143150,7064,4.702624256,135426,3.1,1.3,3947,99148,90,1224,13727,79,656,7601,14208,26057,3054,8306,17383,17946,12945,5424,21847,13,171,319,718,125,435,748,735,634,104,397,26,868,778,1490,105,233,825,593,910,308,457
28/02/2006,227763,150641,66.13936416,143457,7184,4.768954003,135731,3.1,1.4,4090,99287,91,1303,13805,80,661,7664,14208,26090,3052,8335,17444,17996,12980,5425,21878,16,163,354,738,123,360,770,746,594,84,376,25,836,821,1401,119,268,841,528,1040,281,472
31/03/2006,227975,150813,66.15330628,143741,7072,4.689250927,136036,3.4,1.4,4031,99470,91,1164,13799,79,668,7689,14210,26129,3055,8352,17530,18042,13034,5426,21903,16,180,354,918,124,373,853,723,563,208,419,14,820,701,1285,116,298,824,563,917,292,461
30/04/2006,228199,150881,66.11816879,143761,7120,4.718950696,136208,3.4,1.4,4052,99230,91,1238,13796,79,678,7726,14223,26123,3047,8374,17552,18068,13074,5426,21919,15,183,366,795,146,394,923,728,676,143,422,17,674,745,1244,132,293,644,558,882,266,414
31/05/2006,228428,151069,66.1341867,144089,6980,4.620405245,136249,3.2,1.5,3974,99381,91,1223,13894,80,681,7713,14200,26116,3039,8376,17611,18100,13052,5435,21926,16,158,296,826,137,343,855,691,545,168,429,20,647,680,1251,158,289,695,543,830,265,429
30/06/2006,228671,151354,66.18854162,144353,7001,4.625579767,136335,3.3,1.3,3852,99535,91,1168,13839,79,685,7699,14210,26136,3036,8366,17680,18109,13061,5433,21922,20,170,343,826,128,375,919,719,539,163,413,31,569,635,1310,114,299,753,617,942,265,578
31/07/2006,228912,151377,66.12890543,144202,7175,4.739821769,136529,3.1,1.4,3977,99634,90,1269,13788,79,690,7712,14185,26161,3031,8366,17720,18133,13130,5428,21973,13,175,297,699,146,243,949,630,589,166,488,25,633,736,1320,103,329,735,659,867,305,659
31/08/2006,229167,151716,66.20324916,144625,7091,4.673864325,136693,3.3,1.3,3963,99693,91,1251,14066,81,692,7720,14154,26172,3035,8372,17766,18186,13152,5432,22011,18,189,340,779,163,297,948,766,571,206,432,32,618,680,1194,132,263,681,611,855,341,595
30/09/2006,229420,151662,66.10670386,144815,6847,4.514644407,136829,3.3,1.3,3780,99862,90,1197,13912,80,695,7718,14120,26193,3028,8386,17756,18251,13150,5447,22082,17,165,336,854,157,279,911,765,575,207,473,14,586,632,1191,170,235,736,576,810,310,396
31/10/2006,229675,152041,66.19832372,145314,6727,4.424464454,136846,3.2,1.4,3525,100208,90,1275,13881,80,699,7682,14068,26233,3024,8381,17760,18287,13187,5454,22068,18,163,345,821,148,306,844,776,588,175,407,15,456,618,1178,116,211,768,531,795,268,424
30/11/2006,229905,152406,66.29085927,145534,6872,4.509008832,137061,3.3,1.4,3704,100171,91,1296,13900,80,700,7666,14034,26293,3024,8391,17828,18333,13251,5457,22083,17,140,313,796,166,318,861,810,616,169,438,22,618,702,1201,137,229,658,536,836,306,400
31/12/2006,230108,152732,66.37405045,145970,6762,4.427362963,137249,3.3,1.3,3754,100339,91,1197,14122,80,704,7685,14009,26340,3034,8391,17863,18377,13292,5466,22088,17,139,335,863,165,282,795,767,580,234,442,25,725,660,1155,108,227,791,502,701,306,395
31/01/2007,230650,153144,66.39670496,146028,7116,4.646607115,137472,3.3,1.4,3914,100716,92,1252,14130,80,705,7725,14004,26381,3030,8388,17927,18413,13338,5466,22095,15,266,337,897,150,228,957,757,512,184,460,35,922,752,1414,143,233,885,563,911,275,476
28/02/2007,230834,152983,66.27403242,146057,6926,4.527300419,137560,3.3,1.3,3918,100507,91,1161,14162,79,710,7626,13993,26426,3034,8393,17960,18452,13361,5474,22131,12,261,346,787,182,283,861,725,554,250,438,33,1086,774,1296,139,295,825,489,879,257,405
31/03/2007,231034,153051,66.24609365,146320,6731,4.397880445,137784,3.5,1.4,3671,100702,91,1176,14171,79,714,7706,13964,26492,3030,8383,17990,18508,13363,5485,22149,18,184,377,860,173,349,1004,768,625,168,435,24,924,742,1145,109,252,775,495,845,222,419
30/04/2007,231253,152435,65.9169827,145586,6849,4.493062617,137847,3.3,1.5,3770,100382,91,1175,13958,78,720,7686,13939,26491,3035,8364,18008,18563,13375,5491,22175,15,182,349,865,155,234,953,779,563,161,434,17,853,749,1060,77,231,689,555,822,224,408
31/05/2007,231480,152670,65.9538621,145903,6767,4.432435973,137992,3.3,1.4,3737,100492,91,1082,13963,78,721,7673,13922,26520,3040,8370,18042,18609,13404,5498,22193,15,168,363,736,185,280,909,815,584,165,435,22,676,651,1011,110,281,743,622,831,242,428
30/06/2007,231713,153041,66.04765378,146063,6978,4.55956247,138070,3.4,1.3,3740,100384,91,1209,13965,79,725,7687,13903,26514,3038,8369,18053,18660,13413,5501,22207,11,174,353,816,170,295,959,819,633,184,444,33,600,653,1221,114,303,722,653,917,256,572
31/07/2007,231958,153054,65.98349701,145905,7149,4.670900467,138044,3.2,1.4,3989,100258,91,1255,13890,79,728,7660,13881,26528,3037,8370,18057,18695,13417,5500,22171,14,183,360,813,155,297,814,735,629,150,449,33,617,621,1398,112,307,743,665,920,243,704
31/08/2007,232211,152749,65.78026019,145682,7067,4.6265442,138013,3.2,1.5,3912,100384,91,1260,13823,78,728,7610,13821,26525,3028,8342,18067,18751,13419,5496,22226,12,163,320,803,129,318,742,802,635,162,460,33,558,596,1233,140,371,683,648,877,239,695
30/09/2007,232461,153414,65.99558636,146244,7170,4.673628222,138099,3.3,1.6,3892,100377,90,1371,13929,78,728,7577,13784,26557,3031,8317,18066,18806,13461,5493,22279,14,137,320,786,118,262,845,871,676,174,448,25,596,673,1251,124,316,655,630,892,257,525
31/10/2007,232715,153183,65.82429152,145946,7237,4.724414589,138175,3.2,1.4,3979,100191,90,1297,13852,79,729,7565,13756,26553,3028,8304,18101,18849,13499,5494,22297,12,166,280,759,105,263,1049,745,608,220,429,9,641,729,1125,120,307,675,534,911,182,492
30/11/2007,232939,153835,66.04089483,146595,7240,4.70634121,138290,3.3,1.4,4033,100452,91,1261,14001,80,734,7523,13751,26614,3025,8290,18102,18875,13535,5507,22334,14,143,317,781,126,231,995,768,635,183,452,16,645,762,1135,132,261,679,526,986,255,482
31/12/2007,233156,153918,66.01502856,146273,7645,4.966930443,138395,3.2,1.4,4233,100461,91,1420,13747,79,739,7490,13739,26608,3026,8280,18148,18924,13550,5515,22376,19,145,307,728,110,257,1036,781,582,139,441,24,968,772,1219,125,315,803,521,961,235,451
31/01/2008,232616,154063,66.23061182,146378,7685,4.988219105,138391,3.2,1.4,4170,100301,91,1357,13836,80,746,7476,13717,26586,3026,8276,18138,18976,13542,5520,22388,14,158,287,788,72,396,988,746,574,187,413,28,1099,837,1391,169,285,893,576,1176,264,471
29/02/2008,232809,153653,65.99959624,146156,7497,4.879175805,138329,3,1.4,4119,100192,91,1349,13624,79,747,7453,13690,26545,3019,8271,18093,19019,13543,5532,22417,16,136,268,664,66,236,967,806,552,135,430,16,1118,820,1296,193,323,866,562,1056,313,372
31/03/2008,232995,153908,66.05635314,146086,7822,5.082256933,138259,3,1.4,4379,100096,91,1404,13608,79,754,7406,13650,26525,3021,8270,18051,19069,13531,5539,22443,13,104,256,647,87,254,920,795,583,143,422,28,1170,831,1259,155,323,876,609,944,283,425
30/04/2008,233198,153769,65.93924476,146132,7637,4.96654072,138040,2.8,1.4,4391,99900,91,1312,13750,79,755,7327,13589,26425,3013,8260,18041,19129,13511,5540,22450,14,101,271,649,87,204,838,715,549,185,422,28,1057,796,1164,143,324,736,551,874,251,373
31/05/2008,233405,154303,66.10955207,145908,8395,5.440594156,137851,3,1.4,4551,99778,91,1550,13707,79,764,7274,13555,26338,3008,8249,17984,19166,13498,5532,22483,15,167,278,706,77,211,821,734,555,190,441,28,809,879,1318,170,361,829,619,1074,275,461
30/06/2008,233627,154313,66.05101294,145737,8576,5.557535658,137700,2.7,1.6,4746,99707,91,1528,13726,79,768,7213,13494,26290,3001,8238,17940,19232,13482,5525,22517,17,134,239,607,92,183,736,761,471,156,434,28,785,862,1489,157,337,890,669,1154,322,654
31/07/2008,233864,154469,66.05078165,145532,8937,5.78562689,137497,2.7,1.5,4921,99570,91,1553,13699,79,770,7160,13419,26226,2987,8218,17881,19283,13463,5522,22568,28,117,238,630,68,200,665,765,440,186,411,13,783,908,1688,141,350,866,776,1172,352,770
31/08/2008,234107,154641,66.05569248,145203,9438,6.103167983,137211,2.6,1.6,5412,99143,91,1632,13633,79,780,7114,13348,26126,2972,8205,17817,19339,13431,5512,22567,23,79,249,659,77,205,659,700,431,208,384,17,814,960,1675,144,409,961,844,1122,412,721
30/09/2008,234360,154570,65.95408773,145076,9494,6.142200945,136760,2.3,1.5,5399,99094,91,1673,13570,79,784,7044,13267,26013,2962,8171,17748,19343,13379,5512,22537,13,111,214,471,60,201,631,611,410,122,379,25,970,984,1614,166,380,951,835,1029,374,573
31/10/2008,234612,154876,66.01367364,144802,10074,6.504558485,136291,2.4,1.7,5757,98687,90,1644,13565,78,781,6967,13138,25902,2951,8137,17640,19358,13352,5516,22549,13,73,239,640,70,141,577,665,409,167,382,15,1078,1007,1629,168,434,1052,797,1126,334,552
30/11/2008,234828,154639,65.85202787,144100,10539,6.815227724,135541,2.3,1.7,6131,98303,90,1700,13437,78,776,6813,13026,25696,2931,8098,17468,19397,13300,5476,22560,13,70,189,584,64,199,527,673,349,178,385,32,1237,1144,1728,173,494,992,748,1283,434,527
31/12/2008,235035,154655,65.80083817,143369,11286,7.297533219,134847,2.3,1.8,6643,97648,90,1886,13413,78,770,6701,12842,25523,2911,8067,17337,19438,13256,5446,22556,13,64,164,536,57,224,578,621,348,211,329,46,1438,1315,1956,219,540,1147,791,1210,367,511
31/01/2009,234739,154210,65.69423913,142152,12058,7.819207574,134079,2,1.9,7243,96654,90,1864,13069,77,760,6567,12552,25383,2891,8018,17183,19494,13222,5430,22579,18,41,116,509,69,130,536,587,241,132,359,59,1744,1711,2316,232,571,1445,792,1487,431,652
28/02/2009,234913,154538,65.78520559,141640,12898,8.346167286,133318,2.1,1.9,7728,96213,90,1993,13115,78,748,6446,12371,25229,2878,7970,16988,19508,13193,5411,22576,9,82,136,454,68,186,533,554,326,148,368,63,2025,1822,2410,224,637,1512,847,1477,453,563
31/03/2009,235086,154133,65.56451682,140707,13426,8.710658976,132494,1.9,1.9,8031,95670,90,2125,13016,78,727,6291,12196,25066,2864,7929,16837,19514,13127,5383,22560,7,47,117,444,48,140,452,514,263,139,362,105,1979,1912,2410,252,639,1597,931,1484,377,598
30/04/2009,235271,154509,65.67277735,140656,13853,8.965820761,131822,1.7,2,8335,95617,90,2195,13056,79,710,6154,12017,24909,2832,7873,16703,19519,13056,5372,22677,8,24,88,339,34,102,438,513,273,117,358,125,1737,1968,2374,320,561,1448,964,1322,403,575
31/05/2009,235452,154747,65.72337462,140248,14499,9.369486969,131466,1.9,1.7,8745,95247,90,2258,12785,77,694,6100,11850,24849,2807,7842,16652,19581,13106,5368,22617,9,46,92,547,38,165,446,527,296,109,274,98,1768,2010,2341,303,536,1514,1005,1599,476,702
30/06/2009,235655,154716,65.65360379,140009,14707,9.505804183,131008,1.9,1.7,8799,95243,90,2277,12762,77,686,6010,11713,24795,2795,7820,16547,19619,13076,5371,22576,5,61,99,450,44,150,405,526,283,156,324,100,1601,2010,2362,347,513,1580,1267,1688,557,991
31/07/2009,235870,154502,65.50303133,139901,14601,9.450363102,130662,1.7,1.7,8769,95191,90,2282,12790,76,678,5932,11654,24692,2778,7805,16524,19632,13078,5368,22521,3,45,91,301,40,117,449,533,259,108,286,95,1687,1988,2365,373,570,1531,1269,1600,490,1129
31/08/2009,236087,154307,65.36022737,139492,14815,9.600990234,130472,1.8,1.6,9058,94923,90,2275,12724,76,669,5855,11612,24656,2767,7780,16515,19676,13046,5359,22537,4,58,116,422,37,120,420,540,198,119,304,93,1542,1866,2341,358,566,1560,1239,1636,528,1118
30/09/2009,236322,153827,65.09212007,138818,15009,9.757064755,130246,1.9,1.7,9260,94348,90,2262,12567,75,667,5787,11580,24599,2769,7769,16522,19695,13054,5353,22451,7,64,127,376,57,181,464,546,286,93,287,76,1594,1876,2347,362,657,1596,1257,1469,462,928
31/10/2009,236550,153784,65.01120271,138432,15352,9.982833065,130061,1.8,1.6,9366,94286,90,2328,12428,75,661,5716,11527,24516,2764,7750,16543,19731,12995,5334,22524,7,55,128,335,69,135,413,527,261,95,382,84,1744,1884,2399,261,646,1488,1280,1604,541,785
30/11/2009,236743,153878,64.99790913,138659,15219,9.890302707,130057,1.9,1.5,9107,94466,90,2363,12432,75,664,5696,11498,24480,2752,7755,16601,19768,12986,5324,22533,7,65,152,366,37,183,435,514,279,114,351,96,1780,1882,2372,243,619,1514,1168,1524,491,748
31/12/2009,236924,153111,64.62452094,138013,15098,9.860819928,129808,1.9,1.6,9079,93917,89,2284,12444,74,663,5654,11465,24384,2745,7744,16605,19802,12944,5320,22482,6,77,181,417,57,142,432,547,258,123,330,89,2044,1747,2390,256,665,1486,1183,1624,513,797
31/01/2010,236832,153484,64.80712066,138438,15046,9.802976206,129802,2.1,1.4,9034,94053,89,2362,12494,74,666,5580,11447,24433,2739,7733,16627,19829,12932,5325,22491,8,58,146,454,86,172,457,618,279,154,404,68,2194,1918,2811,313,623,1614,1175,1804,609,948
28/02/2010,236998,153694,64.85033629,138581,15113,9.83317501,129706,2,1.4,9014,94000,89,2359,12542,74,674,5500,11439,24421,2737,7726,16646,19843,12927,5317,22476,13,73,162,468,75,150,430,524,266,161,343,79,2440,1814,2662,300,708,1740,1200,1597,603,880
31/03/2010,237159,153954,64.91594247,138751,15203,9.875027606,129866,2,1.5,9178,94026,90,2356,12542,75,681,5537,11439,24467,2719,7709,16629,19896,12943,5328,22518,12,84,157,501,53,163,390,535,239,136,408,73,2251,1898,2666,322,717,1785,1101,1571,517,881
30/04/2010,237329,154622,65.15090865,139297,15325,9.911267478,130120,2.4,1.3,9058,94371,90,2599,12533,76,687,5553,11475,24469,2714,7711,16721,19907,12979,5335,22569,17,85,176,445,73,226,513,514,283,197,623,69,1919,1688,2497,302,708,1586,1051,1633,515,769
31/05/2010,237499,154091,64.88069423,139241,14850,9.637162456,130642,2.2,1.3,8939,94106,90,2206,12806,74,696,5520,11511,24483,2708,7698,16756,19934,13012,5328,22996,17,78,184,486,80,214,603,507,312,122,385,46,1755,1584,2459,319,618,1624,1150,1601,498,771
30/06/2010,237690,153616,64.62871808,139141,14475,9.422846578,130510,2.1,1.6,8714,94237,90,2287,12738,75,702,5516,11529,24505,2701,7688,16818,19964,13034,5313,22740,14,74,201,473,58,197,582,461,329,111,301,64,1785,1519,2334,291,631,1465,1339,1609,532,966
31/07/2010,237890,153691,64.60591029,139179,14512,9.442322582,130415,2.3,1.7,8571,94067,89,2334,12741,75,709,5508,11546,24526,2703,7676,16828,19976,13048,5326,22569,12,102,218,481,97,208,621,536,323,159,324,79,1528,1556,2560,344,582,1447,1420,1570,469,1187
31/08/2010,238099,154086,64.7150975,139438,14648,9.506379554,130415,2.2,1.4,8726,94053,89,2231,12928,75,716,5524,11538,24537,2701,7674,16888,20012,13081,5324,22420,15,52,183,446,84,235,641,491,364,142,346,93,1483,1463,2349,302,606,1524,1430,1507,530,1292
30/09/2010,238322,153975,64.60796737,139396,14579,9.468420198,130341,2.2,1.4,8754,94079,89,2234,12821,74,722,5501,11549,24564,2697,7681,16906,20005,13137,5332,22247,16,77,185,433,64,221,634,522,317,114,337,66,1464,1471,2380,330,568,1426,1352,1536,534,1089
31/10/2010,238530,153635,64.409089,139119,14516,9.448367885,130620,2.4,1.3,8548,94092,89,2311,12747,74,732,5508,11548,24626,2695,7682,16975,20073,13127,5357,22297,21,67,194,508,59,233,652,627,417,111,345,89,1445,1474,2292,300,590,1525,1263,1458,554,950
30/11/2010,238715,154125,64.56443877,139044,15081,9.784914842,130749,2.4,1.4,8993,93858,89,2445,12741,75,736,5506,11571,24625,2689,7680,17069,20113,13126,5347,22287,22,88,232,492,74,257,700,557,319,133,337,68,1596,1526,2317,268,590,1521,1298,1634,545,949
31/12/2010,238889,153650,64.31857474,139301,14349,9.338756915,130830,2.3,1.4,8565,94091,89,2263,12729,74,734,5467,11579,24657,2682,7684,17140,20126,13157,5338,22266,19,46,197,526,80,204,579,551,352,104,399,83,1749,1551,2126,244,568,1477,1139,1580,491,950
31/01/2011,238704,153263,64.20629734,139250,14013,9.143106947,130837,2.3,1.4,8122,93664,89,2323,12963,75,737,5427,11606,24675,2678,7680,17150,20150,13149,5327,22258,30,65,221,560,86,237,538,547,366,117,338,66,1879,1519,2364,228,647,1511,1264,1788,513,1088
28/02/2011,238851,153214,64.14626692,139394,13820,9.020063441,131057,2.4,1.3,8113,93647,89,2344,12936,74,738,5451,11637,24746,2672,7677,17229,20167,13188,5337,22215,19,51,216,640,68,207,610,574,389,137,316,41,1883,1492,2388,205,636,1469,1198,1783,546,927
31/03/2011,239000,153376,64.17405858,139639,13737,8.956420822,131283,2.4,1.4,8051,93839,89,2288,12998,74,754,5477,11659,24794,2672,7682,17294,20180,13247,5332,22192,34,65,214,569,108,201,641,606,393,106,323,46,1695,1475,2358,236,649,1488,1152,1695,495,888
30/04/2011,239146,153543,64.20471177,139586,13957,9.08996177,131597,2.4,1.4,8260,93591,89,2274,12970,74,767,5485,11689,24891,2674,7680,17356,20232,13298,5341,22184,26,77,231,623,95,235,590,604,331,106,341,28,1501,1444,2276,218,621,1340,1088,1482,564,778
31/05/2011,239313,153479,64.13316452,139624,13855,9.027293636,131703,2.4,1.4,8188,93759,89,2253,12952,74,777,5516,11697,24906,2679,7701,17407,20253,13293,5345,22129,18,109,216,640,107,194,585,583,319,111,298,32,1367,1453,2328,227,612,1429,1242,1402,536,836
30/06/2011,239489,153346,64.03049827,139384,13962,9.10490003,131931,2.6,1.5,8362,93528,89,2164,12930,74,788,5528,11710,24962,2685,7690,17424,20284,13343,5353,22164,14,68,207,668,94,211,676,619,406,133,359,46,1317,1405,2499,245,607,1349,1228,1483,553,1232
31/07/2011,239671,153288,63.95767531,139524,13764,8.979176452,131992,2.7,1.4,8036,93585,89,2190,12908,73,799,5547,11729,25010,2675,7692,17431,20332,13370,5358,22049,27,85,224,678,107,260,790,632,363,124,332,53,1137,1418,2402,237,552,1389,1263,1510,554,1349
31/08/2011,239871,153760,64.10112102,139942,13818,8.98673257,132125,2.5,1.4,8170,93652,89,2203,13028,75,805,5552,11748,25029,2632,7697,17506,20367,13395,5377,22017,22,98,232,566,107,176,669,645,392,92,329,53,1154,1365,2388,204,565,1440,1371,1399,585,1271
30/09/2011,240071,154131,64.20225683,140183,13948,9.049444953,132344,2.8,1.4,8192,93468,89,2240,13088,75,812,5584,11752,25046,2676,7695,17571,20417,13426,5382,21983,24,87,250,630,117,178,891,618,428,154,397,55,1110,1306,2340,209,501,1509,1241,1492,613,1013
31/10/2011,240269,153961,64.07859524,140368,13593,8.828859257,132553,2.7,1.4,7954,93489,88,2151,13320,76,820,5588,11762,25083,2677,7708,17618,20452,13464,5383,21998,21,82,228,681,115,233,708,633,429,122,367,69,1129,1200,2226,195,524,1495,1221,1448,618,924
30/11/2011,240441,154128,64.10221219,140826,13302,8.630488944,132690,2.6,1.4,7701,93918,89,2203,13174,76,825,5593,11753,25111,2676,7721,17654,20484,13511,5391,21971,24,84,228,744,95,177,667,642,434,113,357,76,1100,1176,2149,225,557,1340,1132,1451,535,964
31/12/2011,240584,153995,64.00882852,140902,13093,8.502224098,132888,2.8,1.4,7655,94061,89,2188,13158,75,831,5611,11783,25124,2679,7729,17722,20515,13538,5402,21954,30,79,243,687,110,209,847,635,441,123,364,59,1327,1217,2100,235,514,1403,1201,1395,505,892
31/01/2012,242269,154381,63.7229691,141584,12797,8.289232483,133246,2.8,1.3,7480,93922,89,2042,13354,76,841,5626,11820,25217,2665,7736,17808,20573,13600,5414,21946,25,89,250,666,88,247,948,679,453,115,349,78,1479,1283,2306,227,462,1441,1214,1647,601,890
29/02/2012,242435,154671,63.79895642,141858,12813,8.284035146,133509,2.6,1.4,7384,93929,89,2139,13360,75,846,5629,11841,25246,2676,7745,17878,20646,13641,5414,21947,26,68,243,647,95,193,747,681,379,141,395,66,1404,1294,2264,247,498,1590,1197,1496,461,848
31/03/2012,242604,154749,63.78666469,142036,12713,8.215238871,133748,2.9,1.3,7234,94144,89,2003,13391,74,849,5625,11880,25276,2678,7767,17912,20690,13706,5422,21943,20,91,316,696,100,246,837,693,447,136,396,62,1431,1164,2146,232,536,1521,1172,1395,447,787
30/04/2012,242784,154545,63.65534796,141899,12646,8.182729949,133825,2.8,1.4,7092,94101,89,2057,13355,74,850,5618,11897,25285,2680,7771,17961,20707,13709,5416,21931,17,113,248,634,104,211,772,680,481,166,367,43,1156,1046,2056,243,505,1322,1058,1290,478,786
31/05/2012,242966,154866,63.73978252,142206,12660,8.17480919,133932,2.8,1.5,7151,94118,89,2007,13440,74,855,5604,11908,25337,2685,7781,17986,20744,13705,5416,21911,22,92,302,624,84,223,750,724,458,160,397,47,1150,1099,2134,230,462,1296,1172,1326,501,899
30/06/2012,243155,155083,63.77948222,142391,12692,8.184004694,134013,2.8,1.4,7290,94071,89,2097,13359,74,852,5621,11918,25323,2674,7782,18042,20744,13702,5425,21930,19,62,301,633,105,231,774,762,483,153,387,52,1039,1056,2146,201,510,1356,1368,1407,492,1079
31/07/2012,243354,154948,63.67185253,142292,12656,8.16790149,134157,2.7,1.3,7184,94033,89,2074,13362,75,851,5632,11944,25329,2679,7778,18084,20779,13735,5433,21913,14,88,257,671,75,228,740,681,489,114,379,83,994,1128,2172,190,458,1378,1436,1420,433,1182
31/08/2012,243566,154763,63.54047773,142291,12472,8.058773738,134339,2.8,1.4,7099,94105,89,2117,13152,73,852,5648,11940,25361,2675,7788,18118,20806,13804,5431,21916,18,117,267,744,91,256,730,662,423,81,420,61,923,1136,2147,211,469,1377,1369,1416,443,1059
30/09/2012,243772,155160,63.64963983,143044,12116,7.808713586,134517,2.8,1.3,6868,94385,89,1903,13515,74,847,5661,11934,25387,2670,7800,18134,20845,13872,5442,21925,15,95,248,774,95,300,694,718,422,139,383,48,954,1032,2023,205,432,1253,1204,1312,473,943
31/10/2012,243983,155554,63.75608137,143431,12123,7.793435077,134669,2.7,1.4,6862,94573,89,2039,13533,75,837,5674,11941,25427,2666,7810,18207,20875,13883,5446,21903,13,106,270,547,86,256,755,704,483,174,380,61,930,1102,1833,215,442,1252,1244,1352,460,907
30/11/2012,244174,155338,63.617748,143333,12005,7.728308592,134825,2.8,1.4,6695,94207,88,2007,13570,75,844,5684,11930,25495,2674,7816,18261,20880,13910,5448,21883,17,97,254,683,104,248,749,735,499,129,364,53,988,982,1852,187,432,1197,1176,1354,381,825
31/12/2012,244350,155628,63.69060773,143330,12298,7.902176986,135074,2.9,1.3,6805,94362,89,2155,13511,75,849,5724,11939,25508,2677,7829,18298,20933,13978,5452,21887,17,129,250,802,86,264,697,712,481,125,408,58,1105,1145,1799,229,386,1307,1177,1426,472,874
31/01/2013,244663,155763,63.6643056,143292,12471,8.00639433,135257,2.8,1.2,6808,94002,88,2232,13454,76,853,5746,11962,25545,2662,7837,18340,20948,14037,5458,21869,18,120,252,745,77,227,776,628,470,154,456,97,1322,1206,2153,236,507,1575,1205,1612,521,912
28/02/2013,244828,155312,63.43718856,143362,11950,7.69418976,135546,2.9,1.2,6545,94216,89,2011,13525,74,858,5784,11974,25569,2698,7852,18433,20959,14082,5456,21881,28,137,283,648,108,300,757,692,520,111,421,53,1291,1108,2148,143,428,1480,1176,1506,494,828
31/03/2013,244995,155005,63.26863814,143316,11689,7.541047063,135689,2.9,1.3,6443,94237,88,2025,13378,74,860,5802,11977,25564,2700,7856,18489,21007,14113,5451,21870,16,116,257,734,99,323,750,713,514,159,395,72,1195,968,1963,145,414,1378,1111,1467,435,786
30/04/2013,245175,155394,63.38085041,143635,11759,7.567216237,135873,2.9,1.3,6463,94337,89,2098,13586,74,857,5796,11978,25590,2696,7872,18551,21057,14152,5455,21869,20,113,243,796,66,252,761,716,478,122,421,73,1077,963,1839,152,515,1259,983,1327,420,715
31/05/2013,245363,155536,63.3901607,143882,11654,7.492799095,136096,3,1.3,6431,94542,89,2052,13414,74,861,5829,11978,25625,2710,7884,18605,21076,14193,5471,21864,19,120,248,817,101,311,788,686,469,176,410,66,891,1056,1837,187,417,1255,1058,1455,433,811
30/06/2013,245552,155749,63.42811299,143999,11750,7.54418969,136279,3,1.3,6531,94475,89,2115,13608,74,864,5855,11982,25682,2705,7887,18651,21082,14252,5479,21840,20,131,216,894,104,308,749,684,489,155,400,70,825,989,1799,164,441,1300,1243,1559,411,1086
31/07/2013,245756,155599,63.31442569,144264,11335,7.284751187,136391,2.8,1.3,6377,94585,89,1926,13634,74,863,5859,11962,25725,2720,7904,18698,21073,14288,5484,21815,23,104,221,727,105,334,696,644,503,153,376,57,767,1082,1777,172,412,1265,1283,1470,396,1073
31/08/2013,245959,155605,63.26460914,144326,11279,7.248481733,136646,2.9,1.3,6272,94519,88,2051,13516,74,867,5878,11992,25793,2691,7902,18725,21147,14327,5493,21831,24,112,285,766,71,245,809,753,523,103,393,59,758,968,1871,192,347,1224,1211,1326,434,961
30/09/2013,246168,155687,63.24420721,144418,11269,7.238240829,136821,2.9,1.4,6237,94589,88,2009,13733,75,868,5910,12010,25858,2708,7903,18755,21133,14339,5502,21835,19,128,268,810,100,253,751,677,550,175,396,52,697,1093,1831,189,365,1167,1174,1236,413,827
31/10/2013,246381,154673,62.77797395,143537,11136,7.199705184,137041,3,1.2,6213,94107,88,1892,13679,73,868,5931,12033,25882,2718,7912,18805,21158,14395,5509,21830,21,137,294,779,125,260,819,683,540,169,395,67,733,956,1745,217,442,1208,946,1185,511,920
30/11/2013,246567,155265,62.97071384,144479,10786,6.946832834,137317,2.9,1.2,6217,94669,89,1806,13748,73,868,5963,12054,25939,2722,7912,18873,21200,14432,5511,21843,18,156,316,800,114,214,745,662,543,147,405,65,706,984,1833,176,407,1164,890,1212,443,666
31/12/2013,246745,155182,62.89164927,144778,10404,6.704385818,137372,2.9,1.3,5812,94759,88,1692,13920,73,866,5932,12060,26012,2727,7915,18862,21199,14454,5525,21820,23,119,294,825,113,242,774,618,585,182,347,38,958,854,1632,133,394,1139,897,1194,423,627
31/01/2014,246915,155352,62.91719823,145150,10202,6.567021989,137561,2.9,1.3,5661,95076,88,1862,13755,73,871,5985,12058,26029,2724,7913,18909,21236,14489,5533,21814,24,155,261,816,111,209,713,705,596,148,389,72,1045,867,1990,196,360,1308,906,1231,461,725
28/02/2014,247085,155483,62.92692798,145134,10349,6.656033135,137712,3.1,1.3,5792,95067,88,1868,13673,73,875,6007,12084,26004,2718,7932,18971,21252,14509,5535,21825,26,139,286,878,107,248,848,733,558,148,402,98,1098,843,1983,145,400,1324,893,1336,359,683
31/03/2014,247258,156028,63.10331718,145648,10380,6.652652088,137985,3.1,1.2,5710,95213,88,1966,13906,75,879,6038,12096,26055,2725,7932,19018,21292,14564,5553,21833,35,125,282,942,105,265,773,759,571,106,425,60,950,826,1838,161,403,1273,900,1312,386,681
30/04/2014,247439,155369,62.79082925,145667,9702,6.244488926,138298,3.2,1.3,5432,95158,88,1679,13906,74,886,6084,12109,26122,2721,7945,19076,21323,14614,5565,21853,25,116,275,955,114,272,842,723,662,147,435,39,796,790,1597,175,470,1062,826,1047,304,581
31/05/2014,247622,155684,62.87163499,145825,9859,6.332699571,138513,3.3,1.2,5389,95078,88,1745,13925,74,888,6109,12120,26165,2717,7952,19117,21375,14670,5568,21832,32,119,294,937,113,286,857,817,710,143,441,26,747,826,1634,163,456,1028,876,1113,372,622
30/06/2014,247814,155707,62.8322048,146247,9460,6.075513625,138849,3.5,1.3,5159,95684,88,1635,13909,74,893,6133,12146,26238,2722,7965,19178,21424,14693,5562,21895,31,155,318,953,101,347,916,849,674,125,514,26,710,695,1507,150,419,1042,1001,1228,385,745
31/07/2014,248023,156007,62.9002149,146399,9608,6.158698007,139072,3.4,1.3,5176,95454,88,1728,13974,75,897,6178,12165,26292,2725,7979,19216,21450,14703,5566,21901,31,149,296,937,112,297,908,869,630,142,475,34,666,825,1655,128,341,1066,1051,1171,430,937
31/08/2014,248229,156130,62.89756636,146530,9600,6.148722219,139269,3.7,1.2,5308,95741,89,1698,13808,74,899,6210,12182,26316,2733,7994,19274,21501,14725,5580,21855,32,127,322,1180,111,343,967,930,705,194,438,74,678,787,1572,131,322,1039,1068,1149,382,798
30/09/2014,248446,156040,62.80640461,146778,9262,5.935657524,139563,3.4,1.2,4969,95721,88,1817,13863,75,904,6242,12201,26363,2734,8009,19330,21541,14768,5574,21897,30,116,310,921,103,279,941,885,708,152,468,70,604,700,1590,128,319,1006,896,1110,342,605
31/10/2014,248657,156417,62.90472418,147427,8990,5.747457118,139798,3.5,1.3,4899,95880,88,1621,14147,74,899,6259,12233,26424,2727,8019,19359,21569,14811,5581,21917,34,149,294,946,86,370,956,891,671,180,435,53,542,658,1326,139,331,1004,1011,1169,348,564
30/11/2014,248844,156494,62.88839594,147404,9090,5.8085294,140089,3.3,1.2,4899,95888,88,1702,14004,74,899,6272,12260,26475,2735,8035,19415,21626,14849,5591,21932,31,139,327,880,126,292,970,800,631,176,472,32,629,640,1324,159,325,944,924,1128,308,622
31/12/2014,249027,156332,62.77712858,147615,8717,5.575953739,140364,3.5,1.3,4738,96044,88,1623,13869,73,895,6293,12266,26527,2737,8042,19494,21678,14892,5593,21947,20,139,307,911,107,284,1041,941,707,169,505,45,680,596,1386,167,328,903,868,1022,346,574
31/01/2015,249723,157030,62.88167289,148145,8885,5.658154493,140568,3.7,1.3,4867,96374,89,1486,14020,73,888,6320,12265,26557,2740,8059,19519,21746,14915,5599,21960,15,147,321,976,111,313,1028,918,802,187,526,64,811,811,1619,128,279,1069,898,1260,394,604
28/02/2015,249899,156644,62.6829239,148045,8599,5.489517632,140827,3.7,1.2,4628,96424,88,1557,14079,74,875,6361,12275,26599,2741,8070,19563,21787,14972,5606,21978,13,171,309,1061,130,337,1082,927,750,170,515,90,906,814,1501,130,292,911,794,1165,443,513
31/03/2015,250080,156643,62.63715611,148128,8515,5.435927555,140923,3.6,1.4,4578,96351,89,1642,13748,72,860,6334,12286,26646,2737,8081,19592,21829,14981,5607,21970,16,165,322,908,110,277,1101,907,719,184,501,84,831,734,1515,84,248,1019,742,1135,344,509
30/04/2015,250266,157060,62.75722631,148511,8549,5.443142748,141196,3.8,1.3,4736,96482,88,1493,13831,72,844,6392,12291,26662,2742,8086,19635,21902,15023,5614,22005,14,152,323,987,109,368,1239,1004,720,160,521,83,652,609,1420,84,251,838,723,1069,350,521
31/05/2015,250455,157651,62.94583857,148817,8834,5.603516629,141538,3.8,1.2,4790,96542,88,1605,14041,74,823,6427,12306,26727,2747,8097,19718,21956,15103,5622,22012,15,158,324,1005,109,339,1235,986,703,167,523,72,569,702,1498,90,214,963,806,1117,348,491
30/06/2015,250663,157062,62.65862932,148816,8246,5.250155989,141709,3.6,1.3,4392,96795,88,1517,14071,73,817,6441,12307,26764,2748,8115,19768,22011,15108,5615,22015,18,145,291,958,113,280,1109,1005,666,192,471,87,522,599,1449,109,239,818,953,1101,283,689
31/07/2015,250876,156997,62.57952136,148830,8167,5.202010229,141991,4.1,1.2,4480,96511,88,1511,14078,73,807,6472,12323,26802,2752,8134,19803,22052,15168,5628,22050,19,147,336,1257,125,348,1146,1171,761,198,548,79,474,690,1500,115,221,860,978,1140,327,872
31/08/2015,251096,157172,62.59438621,149181,7991,5.084238923,142125,3.7,1.2,4265,96774,88,1426,14250,73,794,6490,12318,26822,2751,8145,19835,22088,15201,5621,22060,14,143,314,1034,116,320,1091,1040,695,206,494,77,525,639,1285,151,236,852,934,1012,328,779
30/09/2015,251325,156733,62.36267781,148826,7907,5.044885251,142275,3.7,1.4,4224,96735,88,1422,13962,72,780,6508,12326,26810,2764,8152,19855,22140,15279,5621,22040,18,122,315,1050,116,316,1110,1077,705,187,470,99,479,652,1309,126,247,843,802,1008,353,477
31/10/2015,251541,157167,62.48166303,149246,7921,5.039862058,142579,3.9,1.3,4406,96738,88,1424,14093,73,770,6547,12334,26851,2766,8167,19930,22212,15316,5630,22056,16,136,314,1080,112,327,1212,1076,785,187,527,89,534,634,1275,82,227,873,791,1080,275,506
30/11/2015,251747,157463,62.54811378,149463,8000,5.080558607,142808,3.8,1.2,4362,96931,88,1507,13996,73,755,6598,12329,26875,2751,8182,19965,22260,15374,5638,22081,17,123,298,1025,70,361,1285,1101,764,140,523,80,536,622,1284,111,251,839,734,1005,348,472
31/12/2015,251936,158035,62.72823257,150128,7907,5.003322049,143077,3.9,1.3,4401,96992,88,1425,14120,73,746,6630,12333,26909,2761,8189,20035,22318,15406,5653,22097,18,158,334,1050,111,414,1199,1065,747,208,541,104,645,616,1269,81,260,838,725,1018,293,445
31/01/2016,252397,158280,62.71072953,150653,7627,4.818675764,143210,4,1.3,4225,97544,88,1182,14054,72,732,6631,12354,26915,2762,8207,20046,22348,15454,5647,22114,12,169,321,1065,111,351,1310,1179,759,220,515,79,729,669,1567,129,295,886,751,1056,336,512
29/02/2016,252577,158640,62.80856927,150939,7701,4.854387292,143406,3.9,1.3,4164,97648,88,1325,14048,73,710,6640,12337,26978,2775,8209,20058,22401,15494,5666,22138,12,193,325,1080,94,334,1236,1020,758,230,488,85,749,729,1383,103,349,932,692,965,307,596
31/03/2016,252768,159179,62.97434802,151218,7961,5.001287858,143662,4.1,1.3,4275,97904,89,1333,14092,73,691,6678,12313,27054,2785,8226,20082,22447,15535,5673,22178,11,206,336,1063,89,326,1471,1079,827,226,496,87,768,669,1293,124,294,910,788,981,273,656
30/04/2016,252969,159141,62.90928928,151074,8067,5.069089675,143854,3.9,1.2,4390,97682,89,1386,13922,73,678,6702,12325,27072,2789,8248,20113,22503,15562,5678,22184,12,178,387,1095,84,349,1049,1105,763,279,502,86,530,702,1359,131,264,846,632,893,292,490
31/05/2016,253174,158784,62.71734064,151132,7652,4.819125353,143900,3.9,1.3,4161,97870,88,1269,14065,72,667,6689,12303,27089,2751,8265,20120,22564,15583,5670,22199,11,176,353,1081,114,331,1163,1098,743,169,538,96,461,738,1235,134,178,713,679,933,305,452
30/06/2016,253397,158967,62.73436544,151223,7744,4.871451308,144147,3.8,1.2,4258,97981,89,1288,14040,73,657,6701,12321,27107,2801,8282,20162,22615,15639,5682,22180,11,178,363,1077,90,320,1143,1070,794,215,479,100,417,568,1177,126,219,805,839,953,372,737
31/07/2016,253620,159194,62.76870909,151554,7640,4.799175848,144520,4,1.2,4059,98137,89,1336,13880,73,652,6735,12342,27153,2799,8304,20208,22669,15679,5690,22289,9,210,344,1060,80,342,1248,1118,757,207,587,77,410,669,1361,149,237,803,889,889,306,905
31/08/2016,253854,159562,62.85581476,151779,7783,4.87772778,144661,3.8,1.3,4360,98051,89,1241,14169,73,647,6736,12319,27199,2803,8319,20212,22715,15725,5702,22284,11,186,326,1013,79,361,1105,1054,803,227,511,42,454,652,1316,130,269,749,956,962,290,778
30/09/2016,254091,159714,62.85700792,151761,7953,4.979525903,144967,3.9,1.1,4457,98211,89,1245,13962,73,645,6768,12317,27211,2817,8327,20281,22779,15785,5714,22323,15,260,326,1032,102,357,1204,1110,739,197,527,43,474,668,1285,139,296,902,860,917,245,538
31/10/2016,254321,159605,62.75730278,151793,7812,4.894583503,145065,3.7,1.1,4300,98382,89,1302,13900,73,644,6799,12316,27235,2814,8332,20303,22827,15780,5720,22295,11,219,299,1012,85,311,985,1238,760,188,484,46,512,693,1149,114,264,924,795,928,263,470
30/11/2016,254540,159506,62.66441424,151954,7552,4.734618133,145183,4,1.2,4149,98329,89,1268,14049,74,647,6823,12311,27209,2812,8344,20340,22865,15826,5729,22277,21,204,345,981,82,357,1227,1197,765,216,577,37,517,619,1124,115,273,753,716,1011,249,449
31/12/2016,254742,159678,62.68224321,152157,7521,4.710104084,145408,3.9,1.2,4122,98337,89,1261,14155,74,647,6818,12324,27270,2817,8370,20374,22928,15845,5711,22304,26,183,369,1071,81,398,1081,1200,748,246,560,27,670,630,1196,87,251,879,667,899,276,401
31/01/2017,254082,159620,62.82223849,152152,7468,4.678611703,145628,3.7,1.2,4161,98137,89,1255,14071,74,647,6840,12334,27314,2821,8397,20415,22941,15874,5729,22316,27,161,371,981,88,390,984,1152,724,242,497,51,859,633,1472,137,319,953,623,1093,264,485
28/02/2017,254246,159859,62.87571879,152480,7379,4.6159428,145846,3.9,1.2,4121,98332,89,1240,14184,74,656,6881,12350,27311,2815,8398,20433,23018,15917,5741,22326,26,190,369,1037,70,345,986,1238,898,261,505,34,781,619,1449,105,344,919,752,952,312,463
31/03/2017,254414,160137,62.94347009,153065,7072,4.416218613,145970,3.8,1.2,3906,98549,89,1109,14193,73,660,6902,12361,27298,2813,8408,20463,23047,15941,5748,22329,19,175,394,1097,86,359,1009,1122,749,296,506,30,764,614,1269,108,235,904,666,883,260,393
30/04/2017,254588,160345,62.98215155,153255,7090,4.421715676,146175,4,1.2,3891,98722,89,1122,14209,74,669,6916,12367,27301,2804,8425,20494,23105,16006,5753,22335,30,207,373,1018,102,441,1047,1108,843,377,543,36,585,620,1060,107,229,819,612,819,234,379
31/05/2017,254767,160068,62.82917332,153069,6999,4.37251668,146380,3.8,1.2,3979,98654,89,997,14218,74,674,6931,12377,27307,2801,8436,20556,23140,16046,5765,22347,26,172,347,1052,110,364,1010,1101,843,251,551,20,502,504,1178,123,232,690,675,905,245,471
30/06/2017,254957,160192,62.83098719,153318,6874,4.291100679,146583,4.1,1.3,3817,98786,89,1098,13991,74,677,6962,12390,27321,2811,8452,20589,23165,16087,5769,22360,27,203,392,1107,112,379,1237,1169,854,251,574,19,430,529,1227,122,251,703,746,895,259,704
31/07/2017,255151,160462,62.88903434,153569,6893,4.295721105,146772,4.1,1.3,3821,99018,89,1120,14193,75,680,6968,12390,27325,2809,8465,20632,23232,16122,5775,22374,29,210,371,1141,98,357,1131,1156,861,335,548,32,469,639,1232,111,230,687,830,739,262,872
31/08/2017,255357,160586,62.88686036,153503,7083,4.410720735,146919,4.1,1.3,4015,98657,88,1066,14310,75,683,7002,12435,27333,2813,8476,20671,23269,16150,5777,22310,29,206,420,1255,120,306,1110,1167,909,251,503,31,448,596,1239,131,243,783,880,765,284,766
30/09/2017,255562,161140,63.05319257,154286,6854,4.25344421,147008,4.1,1.2,3688,99373,89,1160,14192,75,685,7013,12443,27355,2816,8480,20668,23295,16140,5780,22333,26,194,434,1205,106,450,1113,1146,790,293,563,24,433,587,1125,141,240,723,804,708,280,438
31/10/2017,255766,160309,62.67799473,153609,6700,4.179428479,147149,4.2,1.2,3592,99077,89,1131,14123,74,686,7031,12457,27374,2811,8481,20709,23313,16133,5793,22361,29,204,424,1170,91,411,1323,1136,796,272,553,39,418,501,1133,105,214,715,677,796,210,462
30/11/2017,255949,160579,62.73867059,153805,6774,4.21848436,147372,4.1,1.2,3584,99293,89,1110,13958,74,691,7068,12472,27416,2815,8489,20725,23354,16160,5803,22379,27,243,435,1279,97,372,1034,1118,877,253,535,20,467,409,1121,146,206,689,596,882,216,439
31/12/2017,256109,160535,62.68229543,153904,6631,4.130563429,147523,4.1,1.2,3580,99392,89,1102,13934,74,694,7091,12501,27404,2818,8496,20764,23383,16183,5805,22384,23,232,405,1407,125,363,971,1163,884,186,578,41,554,505,1049,108,143,712,706,833,189,460
31/01/2018,256780,160914,62.66609549,154425,6489,4.032588836,147660,4.3,1.3,3551,99647,89,1132,14181,75,698,7093,12527,27370,2817,8503,20822,23438,16209,5809,22374,27,250,447,1374,128,389,1118,1154,931,211,591,29,707,526,1313,146,216,849,641,903,293,474
28/02/2018,256934,161778,62.96480808,155197,6581,4.067920236,148054,4.2,1.2,3563,100114,89,1047,14216,75,707,7184,12551,27447,2819,8527,20861,23494,16231,5814,22419,29,218,441,1302,129,404,1108,1187,901,236,596,52,732,555,1324,89,218,827,598,903,230,411
31/03/2018,257097,161686,62.88910411,155214,6472,4.002820281,148280,4.4,1.2,3493,100040,89,985,14336,75,714,7194,12576,27519,2826,8538,20908,23523,16239,5816,22427,28,223,416,1406,130,421,1185,1231,928,224,628,55,696,511,1201,108,181,714,619,808,242,522
30/04/2018,257272,161771,62.87936503,155312,6459,3.992681012,148420,4.4,1.2,3538,100002,89,1018,14168,74,722,7212,12595,27517,2838,8544,20952,23546,16226,5824,22444,35,223,438,1511,177,300,1196,1215,968,221,593,39,623,521,1050,62,155,596,555,719,212,433
31/05/2018,257454,161848,62.86482245,155652,6196,3.828283328,148742,4.5,1.2,3294,100221,89,1053,14105,74,726,7274,12623,27565,2841,8574,21011,23583,16261,5835,22449,29,266,460,1491,128,367,1239,1204,975,261,596,23,415,546,1108,100,167,669,563,706,171,425
30/06/2018,257642,162210,62.95945537,155762,6448,3.975094014,148960,4.6,1.2,3450,100258,89,1116,14027,73,730,7292,12656,27542,2838,8591,21060,23615,16310,5844,22482,28,289,461,1492,133,367,1268,1257,1061,228,646,23,466,491,1090,126,210,562,768,851,281,685
31/07/2018,257843,162341,62.9611818,156146,6195,3.816041542,149020,4.6,1.2,3223,100568,89,1039,14121,73,730,7318,12676,27545,2841,8600,21073,23643,16329,5829,22436,27,272,458,1481,148,431,1253,1232,1019,223,646,29,333,596,1095,114,233,632,767,779,242,744
31/08/2018,258066,161660,62.6428898,155504,6156,3.807992082,149277,4.6,1.2,3302,100265,89,974,13905,71,737,7347,12688,27602,2840,8610,21112,23701,16343,5829,22468,31,286,500,1287,146,414,1331,1249,1007,232,725,15,328,498,1121,94,266,611,743,808,222,584
30/09/2018,258290,162087,62.7538813,156015,6072,3.746136334,149358,4.7,1.2,3187,100421,89,1044,13995,73,738,7375,12710,27577,2838,8629,21145,23709,16325,5838,22474,30,315,478,1523,121,386,1342,1281,1073,246,617,13,412,547,999,62,271,557,666,722,219,416
31/10/2018,258514,162602,62.89872115,156391,6211,3.819756215,149527,4.7,1.2,3336,100773,89,1044,13807,72,741,7389,12731,27569,2850,8644,21171,23756,16356,5841,22479,34,275,502,1430,143,409,1344,1242,1015,292,616,14,352,504,1011,84,205,691,649,747,200,411
30/11/2018,258708,162836,62.94200411,156721,6115,3.755312093,149617,4.8,1.3,3292,100755,89,996,13893,72,734,7386,12741,27638,2850,8651,21176,23768,16361,5839,22473,30,314,520,1593,135,426,1343,1258,1023,276,676,16,375,465,1059,95,213,618,563,729,231,428
31/12/2018,258888,163206,63.04116066,156817,6389,3.914684509,149809,4.8,1.2,3451,100680,89,1114,13868,72,743,7396,12761,27580,2851,8661,21196,23852,16412,5846,22511,26,394,467,1412,130,359,1351,1321,1075,273,680,21,493,441,1033,103,248,723,519,814,211,526
31/01/2019,258239,162963,63.1054953,156487,6476,3.973908188,150060,4.8,1.1,3393,100701,89,1176,13925,74,745,7425,12790,27633,2842,8672,21201,23902,16488,5854,22508,33,309,431,1446,143,397,1391,1360,1121,176,693,44,638,533,1195,120,242,847,648,875,259,567
28/02/2019,258392,162999,63.08206136,156863,6136,3.764440273,150067,4.5,1.2,3300,100802,89,1099,14008,73,743,7395,12782,27591,2843,8685,21230,23923,16494,5856,22525,31,287,457,1273,138,354,1387,1215,998,239,687,26,588,464,1275,107,264,768,621,794,215,397
31/03/2019,258537,162904,63.00993668,156701,6203,3.807764082,150295,4.6,1.1,3355,100725,90,1062,14065,74,742,7425,12788,27592,2849,8705,21258,23988,16504,5875,22569,31,359,435,1311,152,365,1347,1350,1005,247,715,26,490,475,1179,105,280,678,583,827,224,405
30/04/2019,258693,162586,62.84901408,156625,5961,3.666367338,150591,4.6,1.3,3174,100647,89,996,14222,74,739,7468,12785,27626,2846,8721,21315,24054,16527,5891,22619,28,405,451,1350,114,351,1169,1399,1024,246,735,17,439,483,1084,87,210,611,512,647,164,347
31/05/2019,258861,162751,62.87196604,156821,5930,3.643602804,150618,4.6,1.2,3048,100710,89,1070,14374,76,738,7478,12778,27632,2858,8733,21356,24090,16507,5886,22562,27,357,471,1312,129,378,1277,1363,1018,268,674,35,294,369,1121,77,162,600,609,745,194,445
30/06/2019,259037,163168,62.9902292,157232,5936,3.637968229,150838,4.6,1.2,3122,100700,89,923,14316,75,734,7502,12787,27645,2875,8748,21402,24135,16512,5894,22604,28,302,465,1358,130,387,1279,1303,945,253,745,24,390,450,1033,70,200,650,750,739,200,707
31/07/2019,259225,163590,63.10733918,157529,6061,3.704994193,150937,4.5,1.2,3188,100471,89,1018,14265,75,728,7526,12790,27661,2866,8771,21421,24181,16522,5899,22572,35,323,452,1286,151,381,1252,1294,959,261,649,18,386,472,1056,103,169,635,757,805,233,816
31/08/2019,259432,163774,63.1279102,157829,5945,3.63000232,151169,4.5,1.2,3178,100998,89,1018,14146,74,719,7530,12789,27652,2865,8785,21455,24246,16602,5901,22625,30,328,439,1294,128,383,1282,1327,961,258,747,8,361,512,1107,121,217,582,668,728,262,659
30/09/2019,259638,164092,63.20030196,158339,5753,3.505960071,151365,4.5,1.3,3086,101303,89,948,14308,74,717,7547,12787,27676,2871,8785,21465,24288,16673,5903,22653,28,332,444,1263,178,374,1241,1236,1025,263,740,13,319,530,901,109,192,585,557,678,215,389
31/10/2019,259845,164416,63.2746445,158545,5871,3.570820358,151460,4.6,1.2,3179,101469,89,965,14298,74,717,7553,12733,27688,2874,8801,21476,24328,16722,5898,22670,22,326,399,1424,148,423,1205,1301,993,263,785,23,398,484,929,79,198,625,552,747,197,414
30/11/2019,260020,164496,63.26282594,158629,5867,3.566652077,151667,4.3,1.2,3175,101530,89,978,14044,73,705,7541,12777,27687,2885,8813,21487,24391,16761,5911,22709,20,242,414,1253,143,362,1202,1292,973,222,764,24,428,427,904,39,221,641,586,683,212,408
31/12/2019,260181,164699,63.30170151,158845,5854,3.554362807,151794,4.2,1.3,3217,101663,89,1009,14079,73,693,7527,12760,27758,2891,8822,21467,24428,16805,5917,22726,15,257,380,1189,141,314,1237,1241,926,251,748,31,489,422,922,48,236,546,604,685,225,393
31/01/2020,259502,164377,63.34324976,158508,5869,3.570450854,152031,4.5,1.2,3138,101496,89,1065,14159,75,679,7575,12745,27775,2901,8833,21476,24510,16823,5933,22781,16,299,407,1253,130,406,1293,1320,913,267,820,16,515,530,1165,61,259,724,601,833,250,467
29/02/2020,259628,164467,63.34717365,158714,5753,3.497966157,152293,4.4,1.3,3141,101322,89,979,14286,75,684,7610,12743,27738,2910,8872,21483,24573,16889,5934,22857,25,291,392,1214,138,413,1288,1282,940,211,771,42,531,613,1077,68,171,794,608,799,187,348
31/03/2020,259758,162559,62.58094072,155353,7206,4.432852072,150895,3.8,8.6,3783,100064,89,1237,13395,71,678,7541,12684,27659,2902,8855,21388,24356,16158,5847,22827,11,226,295,1087,121,361,1095,1157,653,175,713,52,658,636,1342,47,230,838,771,1131,262,486
30/04/2020,259896,156269,60.12751254,133185,23084,14.77196373,130426,3.4,7,12920,87650,86,3436,10026,65,619,6522,11382,24564,2643,8592,19223,21742,8719,4511,21909,9,211,298,859,118,252,817,952,321,117,651,77,1531,1992,4211,279,545,1697,2555,4857,1421,2018
31/05/2020,260047,158101,60.79708668,137173,20928,13.23710792,133040,4,1.6,11660,89929,87,3179,10665,67,595,7004,11610,24975,2609,8607,19410,22150,9947,4740,21393,11,283,314,1064,93,313,1001,1007,710,194,621,64,1187,1782,3913,259,559,1578,2458,4434,1165,1603
30/06/2020,260204,159994,61.48790949,142342,17652,11.03291373,137671,4.3,1.6,9985,92655,88,2765,11363,68,579,7159,11950,25963,2622,8622,19768,22727,11777,5092,21412,16,228,338,1104,106,333,1079,1127,876,257,665,145,962,1383,3058,304,515,1527,2107,3792,925,1610
31/07/2020,260373,160132,61.50100049,143779,16353,10.21219994,139255,4.5,1.3,9346,93035,88,2567,11720,70,569,7196,11973,26231,2622,8623,19953,22923,12415,5236,21514,10,306,392,1267,79,296,1149,1178,781,254,818,110,870,1306,2991,311,463,1340,1920,3456,691,1792
31/08/2020,260558,160706,61.67763032,147245,13461,8.376165171,140821,4.4,1.1,7677,94854,88,2000,12366,71,561,7226,11999,26613,2640,8649,20147,23124,12573,5289,22000,10,254,458,1240,86,299,1152,1237,763,222,707,93,762,1003,2459,210,430,1286,1530,2751,574,1232
30/09/2020,260742,160174,61.43007264,147620,12554,7.837726472,141770,4.4,1.1,7284,94725,88,1814,12654,72,561,7253,12057,26746,2695,8674,20267,23189,13065,5334,21929,14,227,469,1164,110,306,1262,1220,801,230,708,108,700,935,2298,202,442,1161,1250,2436,566,884
31/10/2020,260925,161003,61.70470442,149931,11072,6.876890493,142460,4.6,1.2,6568,95940,88,1626,13179,73,556,7301,12086,26947,2684,8691,20455,23278,13303,5354,21805,16,242,519,1218,126,317,1259,1314,821,234,732,89,674,787,1921,137,383,1066,1007,2102,514,685
30/11/2020,261085,160629,61.52364173,149934,10695,6.658199951,142733,4.6,1.5,6194,95974,88,1580,13163,73,554,7321,12118,27112,2696,8706,20602,23337,13260,5344,21683,13,260,490,1263,109,275,1343,1315,845,233,676,137,732,708,1843,196,343,1027,904,1896,502,722
31/12/2020,261230,160745,61.53389733,149975,10770,6.700052879,142548,4.5,1.3,5985,96369,88,1661,13101,72,557,7357,12153,27158,2712,8718,20770,23334,12798,5313,21678,17,253,502,1223,123,283,1448,1241,799,219,664,89,930,640,1752,158,313,1071,1013,2042,453,692
31/01/2021,260851,160081,61.36875074,149821,10260,6.409255314,142863,4.8,1.1,5894,96337,88,1451,13164,72,549,7362,12142,27201,2747,8722,20922,23362,12801,5314,21741,18,309,522,1322,170,309,1436,1372,741,237,725,93,938,699,1980,186,350,1146,1059,1949,544,641
28/02/2021,260918,160248,61.41699691,150234,10014,6.249063951,143380,5.2,1.1,5760,96523,88,1399,13202,72,539,7278,12172,27277,2764,8718,20999,23413,13142,5324,21754,18,249,599,1448,109,343,1474,1595,960,319,714,132,921,724,1990,155,387,1152,899,1673,483,603
31/03/2021,261003,160439,61.47017467,150666,9773,6.091411689,144232,5.6,1,5649,96825,88,1507,13119,72,553,7399,12229,27423,2770,8736,21109,23536,13298,5335,21844,24,348,739,1722,107,337,1564,1454,1101,251,853,100,835,780,1960,173,346,1167,937,1625,421,592
30/04/2021,261103,160799,61.5845088,151045,9754,6.065958122,144587,6.1,1,5607,96937,88,1573,13098,74,555,7400,12193,27387,2796,8750,21103,23584,13568,5358,21893,20,319,848,1698,128,432,1729,1582,1308,335,948,97,768,861,1752,154,269,1036,846,1372,395,492
31/05/2021,261210,160806,61.56196164,151546,9260,5.758491599,145065,6.4,0.9,5353,97199,88,1491,13170,73,557,7391,12216,27431,2816,8761,21176,23616,13802,5370,21929,25,301,887,1699,151,415,1876,1754,1432,485,931,64,642,705,1867,157,292,952,840,1294,341,474
30/06/2021,261338,161202,61.68333729,151721,9481,5.881440677,145820,6.6,0.9,5698,97266,88,1345,13397,72,559,7393,12247,27571,2824,8773,21257,23642,14085,5438,22031,21,328,893,1896,165,361,1925,1797,1576,417,941,70,730,792,1717,170,342,921,1073,1475,342,729
31/07/2021,261469,161543,61.78284997,152812,8731,5.404752914,146762,7,1,5075,98156,88,1341,13391,73,561,7425,12305,27652,2881,8808,21418,23684,14495,5494,22039,33,376,903,1831,216,553,2078,1864,1787,437,906,68,592,613,1759,146,295,910,1067,1250,319,853
31/08/2021,261611,161527,61.74319887,153258,8269,5.119267986,147314,6.9,0.9,4808,98229,88,1309,13340,73,565,7432,12353,27703,2903,8826,21535,23708,14621,5532,22136,32,392,843,1999,216,490,2056,1794,1736,419,894,70,448,536,1691,109,320,824,1047,1201,327,764
30/09/2021,261766,161454,61.67875125,153844,7610,4.713416825,147771,6.8,1,4500,98397,88,1130,13569,73,566,7484,12393,27832,2917,8851,21636,23705,14746,5539,22102,31,359,930,1984,201,463,1957,1919,1573,462,957,48,444,580,1549,97,246,802,805,1019,278,497
31/10/2021,261908,161736,61.75298196,154468,7268,4.49374289,148572,7,0.9,4225,98953,88,1059,13757,73,569,7518,12453,27988,2938,8879,21873,23800,14949,5578,22027,32,397,953,1970,208,450,2105,2102,1614,455,952,63,398,499,1400,83,192,791,677,960,239,467
30/11/2021,262029,162243,61.91795565,155513,6730,4.148098839,149230,7,0.9,3792,99640,88,1094,13834,75,572,7562,12498,28151,2957,8911,22019,23845,15071,5598,22046,30,379,846,2010,216,513,2039,2105,1597,464,1001,50,469,478,1288,99,196,700,555,988,209,415
31/12/2021,262136,162466,61.97775201,156053,6413,3.947287432,149816,7.1,0.9,3573,99969,88,1071,13867,74,577,7595,12537,28262,2967,8938,22129,23886,15246,5617,22062,37,377,877,1971,249,512,2088,2158,1690,462,1098,34,497,435,1107,115,241,707,505,861,237,325
31/01/2022,263202,163614,62.1629015,157081,6533,3.99293459,150006,7,0.9,3645,100690,88,1075,13689,74,578,7595,12564,28318,2984,8934,22183,23869,15329,5603,22049,39,430,895,1846,238,520,2089,2072,1607,446,1029,46,709,549,1321,102,196,835,699,1046,317,477
28/02/2022,263324,163978,62.2723337,157654,6324,3.856614912,150825,7.2,0.9,3453,101069,89,1099,13800,73,581,7651,12601,28528,2990,8976,22372,23984,15462,5648,22032,33,367,823,1976,242,503,2368,2211,1699,421,1054,29,677,497,1392,91,246,737,754,849,207,386
31/03/2022,263444,164271,62.35518744,158238,6033,3.672589806,151315,7.5,0.9,3183,101675,89,1136,13719,73,589,7692,12674,28593,3018,9002,22483,24057,15523,5651,22033,40,457,905,2300,262,502,2464,2282,1656,417,1017,14,598,485,1314,58,211,756,628,771,200,324
30/04/2022,263559,163847,62.1671049,157852,5995,3.658901292,151623,7.3,0.9,3214,101524,89,1051,13610,73,596,7698,12726,28595,3034,9037,22468,24117,15626,5657,22069,40,440,1025,1910,274,560,2317,2192,1625,434,1042,19,464,489,1092,69,198,551,556,641,209,328
31/05/2022,263679,164372,62.33791845,158393,5979,3.637480836,151924,7.1,1,3265,101720,89,990,13761,72,600,7738,12735,28572,3057,9049,22503,24176,15704,5665,22125,35,411,805,1939,249,575,2239,2195,1606,402,1079,24,392,422,1167,70,193,583,620,681,200,356
30/06/2022,263835,164059,62.18242462,158085,5974,3.641372921,152358,6.9,1,3210,101441,88,1025,13868,74,608,7761,12767,28646,3076,9059,22564,24267,15794,5674,22142,39,399,860,1628,254,659,2282,2165,1576,437,983,10,385,465,1122,80,211,640,803,721,169,653
31/07/2022,264012,164076,62.14717513,158307,5769,3.516053536,153072,7,1,3095,101631,88,955,13942,73,614,7792,12800,28702,3094,9073,22658,24395,15931,5707,22306,36,383,879,1721,231,642,2113,2282,1622,442,1225,6,359,491,1114,62,162,628,785,677,194,802
31/08/2022,264184,164653,62.32512188,158744,5909,3.588759391,153362,6.2,1,3275,101997,89,996,13751,73,612,7801,12832,28748,3097,9092,22697,24468,15990,5719,22306,23,351,823,1603,207,533,1779,2109,1467,240,955,16,401,515,1073,84,181,688,760,839,231,591
30/09/2022,264356,164561,62.24976925,158814,5747,3.492321996,153582,6.6,0.9,3065,101978,89,1020,13793,74,614,7832,12849,28720,3095,9097,22744,24552,16052,5730,22297,34,442,816,1677,216,442,2131,2231,1497,247,1068,16,346,416,1105,85,136,544,659,802,189,388
31/10/2022,264535,164620,62.22995067,158671,5949,3.613777184,153939,6.4,1,3372,101642,89,1003,13812,74,618,7847,12883,28761,3100,9122,22783,24642,16142,5748,22293,46,394,743,1660,215,643,1778,2158,1547,292,972,4,419,463,972,94,195,645,677,738,174,321
30/11/2022,264708,164402,62.10692537,158484,5918,3.599712899,154242,6.4,1,3284,101547,89,1007,13762,74,624,7863,12896,28763,3115,9136,22792,24729,16183,5762,22379,40,322,814,1585,223,561,2117,2067,1530,306,1067,19,393,401,1026,57,200,702,521,769,165,332
31/12/2022,264844,164983,62.29440727,159202,5781,3.503997382,154342,6.6,1,3009,102038,89,1099,13837,73,627,7885,12895,28769,3092,9146,22774,24773,16245,5771,22365,34,395,750,1805,80,554,2114,2092,1719,330,1029,12,443,271,1037,67,271,668,483,694,170,381
31/01/2023,265962,165943,62.39349982,160173,5770,3.477097558,154776,6.2,1.1,3142,102403,89,1127,14664,72,634,7932,12903,28807,3061,9144,22791,24883,16352,5785,22484,37,309,717,1741,101,435,2019,1979,1523,380,1078,2,720,399,1337,114,236,649,599,797,209,429
28/02/2023,266112,166443,62.54622114,160457,5986,3.596426404,155066,6,1,3233,102820,89,1088,14843,74,633,7943,12898,28845,3048,9152,22837,24956,16431,5785,22538,35,362,665,1721,144,434,1844,1855,1422,379,996,17,708,464,1416,87,227,801,611,693,194,374
31/03/2023,266272,166707,62.60778452,160848,5859,3.514549479,155134,5.9,1.2,3144,103077,89,1053,14853,75,634,7926,12888,28803,3049,9150,22832,25033,16450,5789,22580,31,301,683,1428,145,467,1825,1924,1447,366,1038,36,598,459,1236,84,189,744,604,684,208,372
30/04/2023,266443,166674,62.55521819,160927,5747,3.448048286,155375,6,1.1,3310,103148,89,855,14790,72,637,7955,12884,28799,3043,9180,22837,25113,16487,5798,22642,35,382,653,1713,146,481,1808,1893,1378,418,1059,11,424,429,942,38,214,684,494,686,139,343
31/05/2023,266618,166896,62.59742403,160812,6084,3.645383952,155655,5.7,1,3392,103208,89,987,14815,73,642,7965,12869,28830,3034,9175,22850,25221,16533,5814,22722,32,381,557,1554,167,402,1651,1868,1310,367,1079,10,355,409,1137,73,240,750,595,717,195,386
30/06/2023,266801,166958,62.57772647,160973,5985,3.584733885,155880,5.6,1.1,3346,103344,89,956,14740,73,640,8006,12875,28799,3021,9182,22826,25314,16594,5831,22792,29,417,575,1393,156,447,1527,1926,1208,387,1116,7,381,396,1118,85,226,628,733,735,140,649
31/07/2023,267002,167169,62.60964337,161246,5923,3.543121033,156043,5.3,1.1,3183,103524,89,1057,14566,73,642,8016,12862,28816,3001,9193,22779,25435,16616,5846,22837,28,377,514,1436,148,441,1254,1951,1206,307,995,17,410,420,1132,64,197,688,722,836,187,657
31/08/2023,267213,167760,62.78137665,161485,6275,3.740462566,156261,5.6,1.1,3352,103479,89,1112,14676,73,641,8042,12861,28799,2981,9193,22768,25544,16651,5874,22907,26,404,576,1232,155,594,1561,2080,1185,386,1055,16,424,433,1136,106,224,729,822,817,232,599
30/09/2023,267428,167725,62.71781564,161451,6274,3.740646892,156417,5.6,1,3436,103509,90,1116,14707,72,641,8053,12872,28832,2975,9186,22743,25641,16643,5883,22948,27,428,605,1333,97,653,1499,1969,1333,323,992,16,392,495,1268,117,190,699,638,734,211,393
31/10/2023,267642,167661,62.64375546,161198,6463,3.85480225,156576,5.2,1,3462,103361,89,1087,14558,71,639,8080,12837,28865,2951,9179,22715,25735,16689,5893,22993,23,420,568,1320,101,409,1478,1834,1150,309,968,39,414,478,1150,106,222,611,593,757,264,354
30/11/2023,267822,168090,62.76183435,161863,6227,3.704563032,156703,5.2,1,3326,103560,89,1050,14768,72,636,8088,12859,28837,2962,9172,22661,25853,16694,5905,23036,30,444,535,1313,150,395,1329,1893,1160,322,1031,13,496,487,1081,100,232,747,528,758,234,305
31/12/2023,267991,167388,62.4603065,161058,6330,3.781633092,156857,5.2,1.1,3507,103241,89,1010,14725,72,638,8100,12872,28829,2963,9176,22643,25935,16704,5906,23091,32,411,597,1260,141,456,1375,2020,957,281,991,9,442,456,1132,86,293,721,560,662,236,330
31/01/2024,267540,167308,62.5356956,161133,6175,3.69079781,157032,5.1,1,3488,103473,89,922,14492,74,633,8123,12875,28799,2963,9165,22668,26033,16716,5917,23140,26,413,557,999,160,480,1438,2002,1106,303,892,16,699,512,1287,156,214,816,667,814,269,402
29/02/2024,267711,167569,62.59324421,161083,6486,3.870644332,157238,5.1,1.1,3535,103700,89,1092,14166,72,633,8132,12852,28839,2958,9151,22658,26130,16744,5930,23211,29,394,551,1038,129,624,1424,1928,1105,309,909,24,711,450,1350,121,242,962,587,810,265,373
31/03/2024,267884,167983,62.70736587,161462,6521,3.881940434,157466,5,1,3480,103641,89,1103,14222,73,636,8164,12836,28855,2951,9149,22631,26225,16780,5943,23296,33,342,517,1021,144,459,1311,1889,1211,287,992,17,570,469,1340,96,225,826,611,746,300,372
30/04/2024,268066,167923,62.64240896,161438,6485,3.86188908,157530,4.6,1,3479,103775,89,1032,14367,74,628,8170,12833,28880,2940,9144,22616,26313,16762,5947,23297,18,329,491,993,87,444,1232,1709,1060,297,869,8,555,416,1083,128,280,746,559,784,235,267
31/05/2024,268248,167807,62.55666398,161180,6627,3.949179712,157608,4.7,1.1,3584,103916,89,1194,13934,72,624,8176,12825,28880,2930,9147,22633,26383,16731,5949,23330,25,389,541,1006,120,427,1325,1833,825,264,1027,19,406,398,1131,119,286,726,745,824,219,410
30/06/2024,268438,168034,62.59694976,161152,6882,4.0955997,157695,4.5,0.9,3816,103835,90,1141,14051,73,620,8196,12814,28851,2930,9159,22606,26474,16744,5962,23339,16,288,471,1055,108,424,1097,1796,906,286,968,7,345,469,1366,147,274,738,823,743,263,631
31/07/2024,268644,168395,62.68332812,161297,7098,4.215089522,157748,4.5,1.1,3930,104134,90,1183,14100,73,622,8208,12806,28830,2917,9154,22584,26515,16751,5961,23400,24,249,481,961,105,381,1302,1703,961,327,933,31,420,537,1397,145,256,845,973,811,219,762
31/08/2024,268856,168492,62.66997947,161429,7063,4.191890416,157757,4.6,1.1,3837,104101,89,1184,13997,72,620,8236,12772,28802,2909,9162,22544,26573,16746,5957,23436,23,342,461,1067,105,375,1308,1668,939,281,952,22,338,514,1296,148,297,864,975,748,219,659
30/09/2024,269080,168662,62.68098707,161813,6849,4.06078429,157912,4.2,1.1,3701,104164,90,1057,14111,73,622,8254,12758,28813,2903,9162,22525,26691,16776,5959,23449,22,246,466,964,114,365,1230,1470,887,308,872,12,403,481,1221,98,238,746,816,761,192,434
31/10/2024,269289,168395,62.53318925,161444,6951,4.127794768,157945,4.5,1,3795,103808,89,1196,14220,74,622,8262,12697,28794,2887,9164,22486,26786,16799,5962,23486,24,241,437,961,178,432,1253,1633,1007,304,909,14,456,537,1248,71,191,835,820,818,217,399
30/11/2024,269463,168248,62.43825683,161159,7089,4.213423042,158079,4.6,1.2,3920,103652,89,1205,14139,73,624,8267,12711,28755,2885,9173,22499,26870,16823,5968,23504,22,233,415,936,119,441,1508,1704,1012,292,884,12,482,517,1273,58,240,787,781,830,207,372
31/12/2024,269638,168506,62.4934171,161586,6920,4.106678694,158316,4.4,1.1,3749,103772,89,1160,14281,74,622,8276,12693,28811,2895,9179,22532,26945,16862,5972,23529,21,135,401,1007,105,389,1295,1573,1222,260,889,35,550,542,1205,98,214,710,700,715,252,445
31/01/2025,272685,170696,62.59823606,163831,6865,4.021769696,158268,4.5,1.1,3670,105496,89,1263,14562,74,622,8264,12673,28795,2877,9187,22480,27006,16832,5975,23557,17,232,447,1065,101,506,1253,1628,1009,295,879,30,669,605,1409,152,214,958,739,983,240,363
28/02/2025,272847,170441,62.46761005,163338,7103,4.167424505,158310,4.4,1.2,3830,105380,89,1294,14307,73,622,8267,12671,28806,2876,9199,22473,27064,16796,5977,23559,19,255,400,1008,125,438,1222,1625,994,281,875,23,741,456,1316,148,211,1038,785,983,277,440
31/03/2025,273023,170641,62.50059519,163509,7132,4.179534813,158377,4.2,1,3810,105292,89,1191,14568,73,620,8273,12666,28792,2867,9201,22457,27132,16823,5987,23559,12,278,389,949,115,418,1211,1454,946,346,834,8,573,479,1293,133,290,847,780,828,337,423
30/04/2025,273197,171054,62.61196133,163898,7156,4.183474225,158485,4.3,1.1,3816,105593,90,1298,14465,74,622,8271,12662,28783,2865,9205,22470,27216,16836,5987,23568,23,207,376,1012,134,424,1339,1683,827,254,817,23,594,552,1142,119,308,702,678,734,257,413
31/05/2025,273385,170492,62.36333376,163244,7248,4.251225864,158498,4.4,1.1,3890,105411,89,1285,14324,73,618,8269,12651,28765,2864,9211,22450,27276,16839,5994,23561,20,222,401,915,109,499,1224,1761,1076,290,793,23,373,547,1327,143,281,673,750,891,221,455
30/06/2025,273585,170380,62.27680611,163327,7053,4.139570372,158478,4.3,1.2,3658,105837,89,1272,14293,74,616,8267,12636,28741,2863,9204,22419,27325,16837,5984,23586,25,224,391,1054,123,356,1332,1603,999,239,859,10,364,544,1329,103,245,724,924,896,228,691
31/07/2025,273785,170412,62.24300089,163140,7272,4.267305119,158542,4.3,1.1,3927,105453,89,1230,14325,72,610,8261,12625,28744,2861,9204,22403,27412,16848,5989,23585,12,305,428,1099,157,396,1240,1429,970,270,781,22,379,641,1206,140,238,696,1023,883,259,793
31/08/2025,274001,170750,62.31729081,163370,7380,4.322108346,158472,4.2,1.2,3972,105868,90,1417,13992,72,607,8239,12615,28743,2860,9185,22375,27435,16870,6008,23535,21,213,416,1140,141,334,1095,1512,1050,277,720,20,347,555,1342,118,174,885,981,890,298,754
30/09/2025,274226,171261,62.45250268,163656,7605,4.440590677,158548,4.3,1.1,4020,105879,90,1430,14183,73,605,8255,12612,28725,2859,9189,22359,27489,16907,6005,23543,22,206,389,1054,119,390,1267,1548,1152,258,764,33,404,571,1268,177,244,803,888,939,257,547
30/10/2025,274430,171401,62.45709288,163708,7693,4.488305202,158408,4.3,1.2,4155,105866,90,1368,14320,74,606,8243,12603,28714,2853,9184,22335,27533,16948,5999,23390,19,196,426,1257,117,307,1268,1476,1081,239,786,42,418,539,1366,151,227,830,849,871,261,580
30/11/2025,274633,171541,62.4619037,163760,7781,4.535941845,158449,4.1,1,4289,105852,90,1305,14456,74,605,8279,12593,28649,2848,9185,22391,27589,16936,6015,23359,18,292,389,1115,88,353,1309,1490,873,260,658,50,431,507,1463,125,210,857,810,802,265,613
31/12/2025,274816,171495,62.40357184,163992,7503,4.375054666,158432,4,1.1,4020,106087,90,1282,14387,73,604,8272,12580,28616,2842,9186,22372,27627,16961,6023,23349,21,245,426,976,112,237,1167,1416,956,271,722,35,541,484,1218,125,213,830,708,813,273,526
31/01/2026,274676,170465,62.06039115,163097,7368,4.322294899,158592,4.4,1,4114,105063,90,1116,14740,72,602,8317,12582,28654,2815,9147,22408,27746,16966,6026,23329,29,230,510,1157,100,429,1196,1453,1119,263,752,29,747,527,1517,128,227,899,885,884,224,640
28/02/2026,274766,170483,62.04661421,162912,7571,4.440911997,158459,4.2,1.1,4205,104909,90,1178,14709,73,601,8304,12576,28605,2794,9149,22415,27704,16955,6031,23325,17,202,439,1149,91,401,1260,1375,906,340,701,31,737,527,1430,115,226,972,784,1011,317,608
31/03/2026,274858,170087,61.88177168,162848,7239,4.256057194,158637,,,4032,105007,89,1007,14633,73,603,8330,12591,28638,2791,9134,22417,27795,16999,6022,23317,,,,,,,,,,,,28,698,513,1125,94,309,839,861,858,300,554
